business_name,whatsapp_number,message
R Wadiwala Securities Private Limited,918401974767,"Namaste R Wadiwala Securities! 🙏 We are a Surat IT hardware & CCTV supplier providing reliable PCs, data backup & CCTV, with quick on-site service & AMC. Great fit for R Wadiwala Securities. Reply for a quick quote! More: https://share.google/aBy3gHFiA7v4CMu4g"
ADDA Architects & Urban Designers,919106238875,"Namaste ADDA Architects & Urban Designers! 🙏 We are a Surat IT hardware & CCTV supplier providing fast CAD/3D workstations & storage, with quick on-site service & AMC. Great fit for ADDA Architects & Urban Designers. Reply for a quick quote! More: https://share.google/aBy3gHFiA7v4CMu4g"
Amar Cars (Maruti Suzuki Arena/Nexa),919925246251,"Namaste Amar Cars! 🙏 We are a Surat IT hardware & CCTV supplier providing showroom CCTV, billing PCs & networking, with quick on-site service & AMC. Great fit for Amar Cars. Reply for a quick quote! More: https://share.google/aBy3gHFiA7v4CMu4g"
Shreenath Kia,919081924777,"Namaste Shreenath Kia! 🙏 We are a Surat IT hardware & CCTV supplier providing showroom CCTV, billing PCs & networking, with quick on-site service & AMC. Great fit for Shreenath Kia. Reply for a quick quote! More: https://share.google/aBy3gHFiA7v4CMu4g"
Leranath Diamond,919016768648,"Namaste Leranath Diamond! 🙏 We are a Surat IT hardware & CCTV supplier providing diamond-planning workstations, secure CCTV & networking, with quick on-site service & AMC. Great fit for Leranath Diamond. Reply for a quick quote! More: https://share.google/aBy3gHFiA7v4CMu4g"
The Production House,919820140207,"Namaste The Production House! 🙏 We are a Surat IT hardware & CCTV supplier providing video-editing workstations & fast storage, with quick on-site service & AMC. Great fit for The Production House. Reply for a quick quote! More: https://share.google/aBy3gHFiA7v4CMu4g"
Sarjan Architects & Project Consultants,919879604444,"Namaste Sarjan Architects & Project Consultants! 🙏 We are a Surat IT hardware & CCTV supplier providing fast CAD/3D workstations & storage, with quick on-site service & AMC. Great fit for Sarjan Architects & Project Consultants. Reply for a quick quote! More: https://share.google/aBy3gHFiA7v4CMu4g"
Sopan Infotech Pvt. Ltd.,919725554395,"Namaste Sopan Infotech! 🙏 We are a Surat IT hardware & CCTV supplier providing fast CAD/3D workstations & storage, with quick on-site service & AMC. Great fit for Sopan Infotech. Reply for a quick quote! More: https://share.google/aBy3gHFiA7v4CMu4g"
"Nanavati Auto (MG Motor, Piplod)",918047493297,"Namaste Nanavati Auto! 🙏 We are a Surat IT hardware & CCTV supplier providing showroom CCTV, billing PCs & networking, with quick on-site service & AMC. Great fit for Nanavati Auto. Reply for a quick quote! More: https://share.google/aBy3gHFiA7v4CMu4g"
Jalaram Khichdi,919327593300,"Namaste Jalaram Khichdi! 🙏 We are a Surat IT hardware & CCTV supplier providing POS billing, CCTV & Wi-Fi, with quick on-site service & AMC. Great fit for Jalaram Khichdi. Reply for a quick quote! More: https://share.google/aBy3gHFiA7v4CMu4g"
Pachchigar Jewellers (Ashokbhai),919879010065,"Namaste Pachchigar Jewellers! 🙏 We are a Surat IT hardware & CCTV supplier providing showroom CCTV, billing PCs & networking, with quick on-site service & AMC. Great fit for Pachchigar Jewellers. Reply for a quick quote! More: https://share.google/aBy3gHFiA7v4CMu4g"
Textile Export India Pvt Ltd,919537548851,"Namaste Textile Export India! 🙏 We are a Surat IT hardware & CCTV supplier providing billing PCs, CCTV & Wi-Fi, with quick on-site service & AMC. Great fit for Textile Export India. Reply for a quick quote! More: https://share.google/aBy3gHFiA7v4CMu4g"
Esscons MEP & Engineering Design Services,918469516900,"Namaste Esscons MEP & Engineering Design Services! 🙏 We are a Surat IT hardware & CCTV supplier providing fast CAD/3D workstations & storage, with quick on-site service & AMC. Great fit for Esscons MEP & Engineering Design Services. Reply for a quick quote! More: https://share.google/aBy3gHFiA7v4CMu4g"
Prashant Parmar Architect (Shayona Consultant),919825866356,"Namaste Prashant Parmar Architect! 🙏 We are a Surat IT hardware & CCTV supplier providing fast CAD/3D workstations & storage, with quick on-site service & AMC. Great fit for Prashant Parmar Architect. Reply for a quick quote! More: https://share.google/aBy3gHFiA7v4CMu4g"
"Pramukh Tata (Tata Motors, Udhna Magdalla)",917506004762,"Namaste Pramukh Tata! 🙏 We are a Surat IT hardware & CCTV supplier providing showroom CCTV, billing PCs & networking, with quick on-site service & AMC. Great fit for Pramukh Tata. Reply for a quick quote! More: https://share.google/aBy3gHFiA7v4CMu4g"
Alpino Health Foods,918347688000,"Namaste Alpino Health Foods! 🙏 We are a Surat IT hardware & CCTV supplier providing bulk PCs, networking & CCTV, with quick on-site service & AMC. Great fit for Alpino Health Foods. Reply for a quick quote! More: https://share.google/aBy3gHFiA7v4CMu4g"
Ajay's,917096212212,"Namaste Ajay's! 🙏 We are a Surat IT hardware & CCTV supplier providing POS billing, CCTV & Wi-Fi, with quick on-site service & AMC. Great fit for Ajay's. Reply for a quick quote! More: https://share.google/aBy3gHFiA7v4CMu4g"
Jalaram Khichdi (Vesu),919909903737,"Namaste Jalaram Khichdi! 🙏 We are a Surat IT hardware & CCTV supplier providing POS billing, CCTV & Wi-Fi, with quick on-site service & AMC. Great fit for Jalaram Khichdi. Reply for a quick quote! More: https://share.google/aBy3gHFiA7v4CMu4g"
Sterling Accuris Diagnostics,918128130000,"Namaste Sterling Accuris Diagnostics! 🙏 We are a Surat IT hardware & CCTV supplier providing billing/reception PCs, CCTV & networking, with quick on-site service & AMC. Great fit for Sterling Accuris Diagnostics. Reply for a quick quote! More: https://share.google/aBy3gHFiA7v4CMu4g"
WeeTech Solution Pvt. Ltd.,919276888885,"Namaste WeeTech Solution! 🙏 We are a Surat IT hardware & CCTV supplier providing developer workstations, servers & networking, with quick on-site service & AMC. Great fit for WeeTech Solution. Reply for a quick quote! More: https://share.google/aBy3gHFiA7v4CMu4g"
Four Dots Technology,917942802124,"Namaste Four Dots Technology! 🙏 We are a Surat IT hardware & CCTV supplier providing showroom CCTV, billing PCs & networking, with quick on-site service & AMC. Great fit for Four Dots Technology. Reply for a quick quote! More: https://share.google/aBy3gHFiA7v4CMu4g"
Prayagraj Dyeing & Printing Mills Pvt Ltd,917211122284,"Namaste Prayagraj Dyeing & Printing Mills! 🙏 We are a Surat IT hardware & CCTV supplier providing shop-floor CCTV, billing PCs & networking, with quick on-site service & AMC. Great fit for Prayagraj Dyeing & Printing Mills. Reply for a quick quote! More: https://share.google/aBy3gHFiA7v4CMu4g"
Ajmera Fashion Limited,918849429440,"Namaste Ajmera Fashion! 🙏 We are a Surat IT hardware & CCTV supplier providing billing PCs, CCTV & Wi-Fi, with quick on-site service & AMC. Great fit for Ajmera Fashion. Reply for a quick quote! More: https://share.google/aBy3gHFiA7v4CMu4g"
Madhurang Studio,919898422612,"Namaste Madhurang Studio! 🙏 We are a Surat IT hardware & CCTV supplier providing video-editing workstations & fast storage, with quick on-site service & AMC. Great fit for Madhurang Studio. Reply for a quick quote! More: https://share.google/aBy3gHFiA7v4CMu4g"
AANGAN Architects (Aangan Collaborative LLP),919712919996,"Namaste AANGAN Architects! 🙏 We are a Surat IT hardware & CCTV supplier providing fast CAD/3D workstations & storage, with quick on-site service & AMC. Great fit for AANGAN Architects. Reply for a quick quote! More: https://share.google/aBy3gHFiA7v4CMu4g"
Kataria Honda (Two Wheeler),919099007804,"Namaste Kataria Honda! 🙏 We are a Surat IT hardware & CCTV supplier providing showroom CCTV, billing PCs & networking, with quick on-site service & AMC. Great fit for Kataria Honda. Reply for a quick quote! More: https://share.google/aBy3gHFiA7v4CMu4g"
Stellar Skoda,919328883324,"Namaste Stellar Skoda! 🙏 We are a Surat IT hardware & CCTV supplier providing showroom CCTV, billing PCs & networking, with quick on-site service & AMC. Great fit for Stellar Skoda. Reply for a quick quote! More: https://share.google/aBy3gHFiA7v4CMu4g"
Shrimad Rajchandra Institute of Management & Computer Application (SRIMCA),918828912891,"Namaste Shrimad Rajchandra Institute of Management & Computer Application! 🙏 We are a Surat IT hardware & CCTV supplier providing computer labs, campus Wi-Fi & CCTV, with quick on-site service & AMC. Great fit for Shrimad Rajchandra Institute of Management & Computer Application. Reply for a quick quote! More: https://share.google/aBy3gHFiA7v4CMu4g"
Gangour,919376744445,"Namaste Gangour! 🙏 We are a Surat IT hardware & CCTV supplier providing POS billing, CCTV & Wi-Fi, with quick on-site service & AMC. Great fit for Gangour. Reply for a quick quote! More: https://share.google/aBy3gHFiA7v4CMu4g"
WhitesSand,919274314507,"Namaste WhitesSand! 🙏 We are a Surat IT hardware & CCTV supplier providing POS billing, CCTV & Wi-Fi, with quick on-site service & AMC. Great fit for WhitesSand. Reply for a quick quote! More: https://share.google/aBy3gHFiA7v4CMu4g"
Mira Gems,918147449533,"Namaste Mira Gems! 🙏 We are a Surat IT hardware & CCTV supplier providing diamond-planning workstations, secure CCTV & networking, with quick on-site service & AMC. Great fit for Mira Gems. Reply for a quick quote! More: https://share.google/aBy3gHFiA7v4CMu4g"
Rahi Impex,919712433366,"Namaste Rahi Impex! 🙏 We are a Surat IT hardware & CCTV supplier providing diamond-planning workstations, secure CCTV & networking, with quick on-site service & AMC. Great fit for Rahi Impex. Reply for a quick quote! More: https://share.google/aBy3gHFiA7v4CMu4g"
Phone Merchants,919925114800,"Namaste Phone Merchants! 🙏 We are a Surat IT hardware & CCTV supplier providing billing/POS PCs, CCTV & networking, with quick on-site service & AMC. Great fit for Phone Merchants. Reply for a quick quote! More: https://share.google/aBy3gHFiA7v4CMu4g"
Maruti Education of Design / Maruti Institute of Design,919904512600,"Namaste Maruti Education of Design / Maruti Institute of Design! 🙏 We are a Surat IT hardware & CCTV supplier providing billing PCs, CCTV & Wi-Fi, with quick on-site service & AMC. Great fit for Maruti Education of Design / Maruti Institute of Design. Reply for a quick quote! More: https://share.google/aBy3gHFiA7v4CMu4g"
Aditya Sutaria Architects (ASA),919909038481,"Namaste Aditya Sutaria Architects! 🙏 We are a Surat IT hardware & CCTV supplier providing fast CAD/3D workstations & storage, with quick on-site service & AMC. Great fit for Aditya Sutaria Architects. Reply for a quick quote! More: https://share.google/aBy3gHFiA7v4CMu4g"
Ducon Consultants Pvt. Ltd.,917211119652,"Namaste Ducon Consultants! 🙏 We are a Surat IT hardware & CCTV supplier providing fast CAD/3D workstations & storage, with quick on-site service & AMC. Great fit for Ducon Consultants. Reply for a quick quote! More: https://share.google/aBy3gHFiA7v4CMu4g"
EssTeam Design Services LLP,919909016610,"Namaste EssTeam Design Services! 🙏 We are a Surat IT hardware & CCTV supplier providing fast CAD/3D workstations & storage, with quick on-site service & AMC. Great fit for EssTeam Design Services. Reply for a quick quote! More: https://share.google/aBy3gHFiA7v4CMu4g"
Studio Lagom,919913704686,"Namaste Studio Lagom! 🙏 We are a Surat IT hardware & CCTV supplier providing fast CAD/3D workstations & storage, with quick on-site service & AMC. Great fit for Studio Lagom. Reply for a quick quote! More: https://share.google/aBy3gHFiA7v4CMu4g"
Presidency Skoda,916359309000,"Namaste Presidency Skoda! 🙏 We are a Surat IT hardware & CCTV supplier providing showroom CCTV, billing PCs & networking, with quick on-site service & AMC. Great fit for Presidency Skoda. Reply for a quick quote! More: https://share.google/aBy3gHFiA7v4CMu4g"
Metro Press,919537343537,"Namaste Metro Press! 🙏 We are a Surat IT hardware & CCTV supplier providing bulk PCs, networking & CCTV, with quick on-site service & AMC. Great fit for Metro Press. Reply for a quick quote! More: https://share.google/aBy3gHFiA7v4CMu4g"
Atharva Diamond (Atharva International Trade),919069077577,"Namaste Atharva Diamond! 🙏 We are a Surat IT hardware & CCTV supplier providing billing/design PCs, CCTV & networking, with quick on-site service & AMC. Great fit for Atharva Diamond. Reply for a quick quote! More: https://share.google/aBy3gHFiA7v4CMu4g"
24 Carats Mithai Magic,919714826200,"Namaste 24 Carats Mithai Magic! 🙏 We are a Surat IT hardware & CCTV supplier providing POS billing, CCTV & Wi-Fi, with quick on-site service & AMC. Great fit for 24 Carats Mithai Magic. Reply for a quick quote! More: https://share.google/aBy3gHFiA7v4CMu4g"
La Mensa Multicuisine,919875281816,"Namaste La Mensa Multicuisine! 🙏 We are a Surat IT hardware & CCTV supplier providing POS billing, CCTV & Wi-Fi, with quick on-site service & AMC. Great fit for La Mensa Multicuisine. Reply for a quick quote! More: https://share.google/aBy3gHFiA7v4CMu4g"
Shree Kathiyawadi Restaurant,919870059488,"Namaste Shree Kathiyawadi Restaurant! 🙏 We are a Surat IT hardware & CCTV supplier providing POS billing, CCTV & Wi-Fi, with quick on-site service & AMC. Great fit for Shree Kathiyawadi Restaurant. Reply for a quick quote! More: https://share.google/aBy3gHFiA7v4CMu4g"
Brilliantstar Diamond Jewellery Pvt. Ltd.,918141262360,"Namaste Brilliantstar Diamond Jewellery! 🙏 We are a Surat IT hardware & CCTV supplier providing showroom CCTV, billing PCs & networking, with quick on-site service & AMC. Great fit for Brilliantstar Diamond Jewellery. Reply for a quick quote! More: https://share.google/aBy3gHFiA7v4CMu4g"
Excellent Corporation,918200127828,"Namaste Excellent Corporation! 🙏 We are a Surat IT hardware & CCTV supplier providing diamond-planning workstations, secure CCTV & networking, with quick on-site service & AMC. Great fit for Excellent Corporation. Reply for a quick quote! More: https://share.google/aBy3gHFiA7v4CMu4g"
Blink Opticals,918866222777,"Namaste Blink Opticals! 🙏 We are a Surat IT hardware & CCTV supplier providing billing/POS PCs, CCTV & networking, with quick on-site service & AMC. Great fit for Blink Opticals. Reply for a quick quote! More: https://share.google/aBy3gHFiA7v4CMu4g"
Dhwani Opticals,919825885821,"Namaste Dhwani Opticals! 🙏 We are a Surat IT hardware & CCTV supplier providing billing/POS PCs, CCTV & networking, with quick on-site service & AMC. Great fit for Dhwani Opticals. Reply for a quick quote! More: https://share.google/aBy3gHFiA7v4CMu4g"
Aadharshila,917383321779,"Namaste Aadharshila! 🙏 We are a Surat IT hardware & CCTV supplier providing video-editing workstations & fast storage, with quick on-site service & AMC. Great fit for Aadharshila. Reply for a quick quote! More: https://share.google/aBy3gHFiA7v4CMu4g"
Manish Photo Studio,919825128612,"Namaste Manish Photo Studio! 🙏 We are a Surat IT hardware & CCTV supplier providing video-editing workstations & fast storage, with quick on-site service & AMC. Great fit for Manish Photo Studio. Reply for a quick quote! More: https://share.google/aBy3gHFiA7v4CMu4g"
CNC Shop Floor,918047300363,"Namaste CNC Shop Floor! 🙏 We are a Surat IT hardware & CCTV supplier providing billing PCs, shop CCTV & networking, with quick on-site service & AMC. Great fit for CNC Shop Floor. Reply for a quick quote! More: https://share.google/aBy3gHFiA7v4CMu4g"
Wholetex,919137381212,"Namaste Wholetex! 🙏 We are a Surat IT hardware & CCTV supplier providing billing PCs, CCTV & Wi-Fi, with quick on-site service & AMC. Great fit for Wholetex. Reply for a quick quote! More: https://share.google/aBy3gHFiA7v4CMu4g"
Kekiz - The Cake Shop,916352809010,"Namaste Kekiz! 🙏 We are a Surat IT hardware & CCTV supplier providing POS billing, CCTV & Wi-Fi, with quick on-site service & AMC. Great fit for Kekiz. Reply for a quick quote! More: https://share.google/aBy3gHFiA7v4CMu4g"
Kissah - The Cafe,917047507047,"Namaste Kissah! 🙏 We are a Surat IT hardware & CCTV supplier providing POS billing, CCTV & Wi-Fi, with quick on-site service & AMC. Great fit for Kissah. Reply for a quick quote! More: https://share.google/aBy3gHFiA7v4CMu4g"
Santkrupa Farsan & Sweet Mart,919737284990,"Namaste Santkrupa Farsan & Sweet Mart! 🙏 We are a Surat IT hardware & CCTV supplier providing POS billing, CCTV & Wi-Fi, with quick on-site service & AMC. Great fit for Santkrupa Farsan & Sweet Mart. Reply for a quick quote! More: https://share.google/aBy3gHFiA7v4CMu4g"
EnactOn Technologies Pvt. Ltd.,917426060610,"Namaste EnactOn Technologies! 🙏 We are a Surat IT hardware & CCTV supplier providing developer workstations, servers & networking, with quick on-site service & AMC. Great fit for EnactOn Technologies. Reply for a quick quote! More: https://share.google/aBy3gHFiA7v4CMu4g"
Divyang Opticals,919825403704,"Namaste Divyang Opticals! 🙏 We are a Surat IT hardware & CCTV supplier providing billing/POS PCs, CCTV & networking, with quick on-site service & AMC. Great fit for Divyang Opticals. Reply for a quick quote! More: https://share.google/aBy3gHFiA7v4CMu4g"
Elegance Cosmetic Laser Clinic & Hair Transplant Center,918320500350,"Namaste Elegance Cosmetic Laser Clinic & Hair Transplant Center! 🙏 We are a Surat IT hardware & CCTV supplier providing reception/billing PCs, CCTV & Wi-Fi, with quick on-site service & AMC. Great fit for Elegance Cosmetic Laser Clinic & Hair Transplant Center. Reply for a quick quote! More: https://share.google/aBy3gHFiA7v4CMu4g"
GYMSHINE,918799004260,"Namaste GYMSHINE! 🙏 We are a Surat IT hardware & CCTV supplier providing reception/billing PCs, CCTV & Wi-Fi, with quick on-site service & AMC. Great fit for GYMSHINE. Reply for a quick quote! More: https://share.google/aBy3gHFiA7v4CMu4g"
Deep Breath Architecture,919825045687,"Namaste Deep Breath Architecture! 🙏 We are a Surat IT hardware & CCTV supplier providing fast CAD/3D workstations & storage, with quick on-site service & AMC. Great fit for Deep Breath Architecture. Reply for a quick quote! More: https://share.google/aBy3gHFiA7v4CMu4g"
J-Nine Associates (J9 Associates),919313662338,"Namaste J-Nine Associates! 🙏 We are a Surat IT hardware & CCTV supplier providing fast CAD/3D workstations & storage, with quick on-site service & AMC. Great fit for J-Nine Associates. Reply for a quick quote! More: https://share.google/aBy3gHFiA7v4CMu4g"
PDA Structural Design Engineers (Piyush Dudhat & Associates),919924674455,"Namaste PDA Structural Design Engineers! 🙏 We are a Surat IT hardware & CCTV supplier providing fast CAD/3D workstations & storage, with quick on-site service & AMC. Great fit for PDA Structural Design Engineers. Reply for a quick quote! More: https://share.google/aBy3gHFiA7v4CMu4g"
Quartet Architects,919227130830,"Namaste Quartet Architects! 🙏 We are a Surat IT hardware & CCTV supplier providing fast CAD/3D workstations & storage, with quick on-site service & AMC. Great fit for Quartet Architects. Reply for a quick quote! More: https://share.google/aBy3gHFiA7v4CMu4g"
Samhitha Design Studio,919998927826,"Namaste Samhitha Design Studio! 🙏 We are a Surat IT hardware & CCTV supplier providing fast CAD/3D workstations & storage, with quick on-site service & AMC. Great fit for Samhitha Design Studio. Reply for a quick quote! More: https://share.google/aBy3gHFiA7v4CMu4g"
G.Dada Surti Farsan & Surti Rasoi,919376665777,"Namaste G.Dada Surti Farsan & Surti Rasoi! 🙏 We are a Surat IT hardware & CCTV supplier providing POS billing, CCTV & Wi-Fi, with quick on-site service & AMC. Great fit for G.Dada Surti Farsan & Surti Rasoi. Reply for a quick quote! More: https://share.google/aBy3gHFiA7v4CMu4g"
The Bungalow Cafe,917878757233,"Namaste The Bungalow Cafe! 🙏 We are a Surat IT hardware & CCTV supplier providing POS billing, CCTV & Wi-Fi, with quick on-site service & AMC. Great fit for The Bungalow Cafe. Reply for a quick quote! More: https://share.google/aBy3gHFiA7v4CMu4g"
Onviqa Pvt. Ltd.,919979993119,"Namaste Onviqa! 🙏 We are a Surat IT hardware & CCTV supplier providing developer workstations, servers & networking, with quick on-site service & AMC. Great fit for Onviqa. Reply for a quick quote! More: https://share.google/aBy3gHFiA7v4CMu4g"
Nishal Gems,919898133032,"Namaste Nishal Gems! 🙏 We are a Surat IT hardware & CCTV supplier providing diamond-planning workstations, secure CCTV & networking, with quick on-site service & AMC. Great fit for Nishal Gems. Reply for a quick quote! More: https://share.google/aBy3gHFiA7v4CMu4g"
50mm Media Productions,917666778899,"Namaste 50mm Media Productions! 🙏 We are a Surat IT hardware & CCTV supplier providing video-editing workstations & fast storage, with quick on-site service & AMC. Great fit for 50mm Media Productions. Reply for a quick quote! More: https://share.google/aBy3gHFiA7v4CMu4g"
AniFx Studios,919033328201,"Namaste AniFx Studios! 🙏 We are a Surat IT hardware & CCTV supplier providing video-editing workstations & fast storage, with quick on-site service & AMC. Great fit for AniFx Studios. Reply for a quick quote! More: https://share.google/aBy3gHFiA7v4CMu4g"
Photophactory Studios,916353628979,"Namaste Photophactory Studios! 🙏 We are a Surat IT hardware & CCTV supplier providing video-editing workstations & fast storage, with quick on-site service & AMC. Great fit for Photophactory Studios. Reply for a quick quote! More: https://share.google/aBy3gHFiA7v4CMu4g"
FinTax Corporate Professionals LLP,917210000745,"Namaste FinTax Corporate Professionals! 🙏 We are a Surat IT hardware & CCTV supplier providing office PCs, data backup & CCTV, with quick on-site service & AMC. Great fit for FinTax Corporate Professionals. Reply for a quick quote! More: https://share.google/aBy3gHFiA7v4CMu4g"
Gym Flex,919327170936,"Namaste Gym Flex! 🙏 We are a Surat IT hardware & CCTV supplier providing reception/billing PCs, CCTV & Wi-Fi, with quick on-site service & AMC. Great fit for Gym Flex. Reply for a quick quote! More: https://share.google/aBy3gHFiA7v4CMu4g"
Sakhiya Skin Clinic,919313923386,"Namaste Sakhiya Skin Clinic! 🙏 We are a Surat IT hardware & CCTV supplier providing reception/billing PCs, CCTV & Wi-Fi, with quick on-site service & AMC. Great fit for Sakhiya Skin Clinic. Reply for a quick quote! More: https://share.google/aBy3gHFiA7v4CMu4g"
"CFE-KOTA, Surat (PP Savani Centre for Excellence)",919978651005,"Namaste CFE-KOTA, Surat! 🙏 We are a Surat IT hardware & CCTV supplier providing computer labs, campus Wi-Fi & CCTV, with quick on-site service & AMC. Great fit for CFE-KOTA, Surat. Reply for a quick quote! More: https://share.google/aBy3gHFiA7v4CMu4g"
Dhiren Shah & Co,919825156780,"Namaste Dhiren Shah & Co! 🙏 We are a Surat IT hardware & CCTV supplier providing reliable PCs, data backup & CCTV, with quick on-site service & AMC. Great fit for Dhiren Shah & Co. Reply for a quick quote! More: https://share.google/aBy3gHFiA7v4CMu4g"
La Net Team Software Solutions Pvt. Ltd.,916353235503,"Namaste La Net Team Software Solutions! 🙏 We are a Surat IT hardware & CCTV supplier providing developer workstations, servers & networking, with quick on-site service & AMC. Great fit for La Net Team Software Solutions. Reply for a quick quote! More: https://share.google/aBy3gHFiA7v4CMu4g"
Polygon Design Studio,919426807807,"Namaste Polygon Design Studio! 🙏 We are a Surat IT hardware & CCTV supplier providing fast CAD/3D workstations & storage, with quick on-site service & AMC. Great fit for Polygon Design Studio. Reply for a quick quote! More: https://share.google/aBy3gHFiA7v4CMu4g"
Amideep Honda (Two Wheeler),918000445566,"Namaste Amideep Honda! 🙏 We are a Surat IT hardware & CCTV supplier providing showroom CCTV, billing PCs & networking, with quick on-site service & AMC. Great fit for Amideep Honda. Reply for a quick quote! More: https://share.google/aBy3gHFiA7v4CMu4g"
Amex Logistics,919990847170,"Namaste Amex Logistics! 🙏 We are a Surat IT hardware & CCTV supplier providing bulk PCs, networking & CCTV, with quick on-site service & AMC. Great fit for Amex Logistics. Reply for a quick quote! More: https://share.google/aBy3gHFiA7v4CMu4g"
Printwell Offset,918758828177,"Namaste Printwell Offset! 🙏 We are a Surat IT hardware & CCTV supplier providing bulk PCs, networking & CCTV, with quick on-site service & AMC. Great fit for Printwell Offset. Reply for a quick quote! More: https://share.google/aBy3gHFiA7v4CMu4g"
Diamond Elements Pvt Ltd,919909003806,"Namaste Diamond Elements! 🙏 We are a Surat IT hardware & CCTV supplier providing billing/design PCs, CCTV & networking, with quick on-site service & AMC. Great fit for Diamond Elements. Reply for a quick quote! More: https://share.google/aBy3gHFiA7v4CMu4g"
Leranath Diamonds,919016768648,"Namaste Leranath Diamonds! 🙏 We are a Surat IT hardware & CCTV supplier providing billing/design PCs, CCTV & networking, with quick on-site service & AMC. Great fit for Leranath Diamonds. Reply for a quick quote! More: https://share.google/aBy3gHFiA7v4CMu4g"
N H Sales,917942538599,"Namaste N H Sales! 🙏 We are a Surat IT hardware & CCTV supplier providing billing/design PCs, CCTV & networking, with quick on-site service & AMC. Great fit for N H Sales. Reply for a quick quote! More: https://share.google/aBy3gHFiA7v4CMu4g"
Noor Diamond (Ayra Star),918046045278,"Namaste Noor Diamond! 🙏 We are a Surat IT hardware & CCTV supplier providing billing/design PCs, CCTV & networking, with quick on-site service & AMC. Great fit for Noor Diamond. Reply for a quick quote! More: https://share.google/aBy3gHFiA7v4CMu4g"
SK Diam (S K Diam),918045802722,"Namaste SK Diam! 🙏 We are a Surat IT hardware & CCTV supplier providing billing/design PCs, CCTV & networking, with quick on-site service & AMC. Great fit for SK Diam. Reply for a quick quote! More: https://share.google/aBy3gHFiA7v4CMu4g"
Tattvam Jewels,919909962697,"Namaste Tattvam Jewels! 🙏 We are a Surat IT hardware & CCTV supplier providing billing/design PCs, CCTV & networking, with quick on-site service & AMC. Great fit for Tattvam Jewels. Reply for a quick quote! More: https://share.google/aBy3gHFiA7v4CMu4g"
K M Gatecha & Co LLP,918000057972,"Namaste K M Gatecha & Co! 🙏 We are a Surat IT hardware & CCTV supplier providing reliable PCs, data backup & CCTV, with quick on-site service & AMC. Great fit for K M Gatecha & Co. Reply for a quick quote! More: https://share.google/aBy3gHFiA7v4CMu4g"
Atul Bakery,919913870005,"Namaste Atul Bakery! 🙏 We are a Surat IT hardware & CCTV supplier providing POS billing, CCTV & Wi-Fi, with quick on-site service & AMC. Great fit for Atul Bakery. Reply for a quick quote! More: https://share.google/aBy3gHFiA7v4CMu4g"
Cafe De Meet,918980913000,"Namaste Cafe De Meet! 🙏 We are a Surat IT hardware & CCTV supplier providing POS billing, CCTV & Wi-Fi, with quick on-site service & AMC. Great fit for Cafe De Meet. Reply for a quick quote! More: https://share.google/aBy3gHFiA7v4CMu4g"
Hanumante Ice Cream & Falooda,919898102261,"Namaste Hanumante Ice Cream & Falooda! 🙏 We are a Surat IT hardware & CCTV supplier providing POS billing, CCTV & Wi-Fi, with quick on-site service & AMC. Great fit for Hanumante Ice Cream & Falooda. Reply for a quick quote! More: https://share.google/aBy3gHFiA7v4CMu4g"
Sai Ram Group,918141998822,"Namaste Sai Ram Group! 🙏 We are a Surat IT hardware & CCTV supplier providing CCTV, Wi-Fi & front-desk PCs, with quick on-site service & AMC. Great fit for Sai Ram Group. Reply for a quick quote! More: https://share.google/aBy3gHFiA7v4CMu4g"
TechStaunch Software Solutions Pvt. Ltd.,916352994955,"Namaste TechStaunch Software Solutions! 🙏 We are a Surat IT hardware & CCTV supplier providing developer workstations, servers & networking, with quick on-site service & AMC. Great fit for TechStaunch Software Solutions. Reply for a quick quote! More: https://share.google/aBy3gHFiA7v4CMu4g"
Gemone Diamonds,919375520003,"Namaste Gemone Diamonds! 🙏 We are a Surat IT hardware & CCTV supplier providing diamond-planning workstations, secure CCTV & networking, with quick on-site service & AMC. Great fit for Gemone Diamonds. Reply for a quick quote! More: https://share.google/aBy3gHFiA7v4CMu4g"
Balaji Medical and General Stores,919909668668,"Namaste Balaji Medical and General Stores! 🙏 We are a Surat IT hardware & CCTV supplier providing billing/POS PCs, CCTV & networking, with quick on-site service & AMC. Great fit for Balaji Medical and General Stores. Reply for a quick quote! More: https://share.google/aBy3gHFiA7v4CMu4g"
J J Pet Shop,919909779259,"Namaste J J Pet Shop! 🙏 We are a Surat IT hardware & CCTV supplier providing billing/POS PCs, CCTV & networking, with quick on-site service & AMC. Great fit for J J Pet Shop. Reply for a quick quote! More: https://share.google/aBy3gHFiA7v4CMu4g"
Royal Opticals,919327380171,"Namaste Royal Opticals! 🙏 We are a Surat IT hardware & CCTV supplier providing billing/POS PCs, CCTV & networking, with quick on-site service & AMC. Great fit for Royal Opticals. Reply for a quick quote! More: https://share.google/aBy3gHFiA7v4CMu4g"
Sanjivani Medical Store,919879174297,"Namaste Sanjivani Medical Store! 🙏 We are a Surat IT hardware & CCTV supplier providing billing/POS PCs, CCTV & networking, with quick on-site service & AMC. Great fit for Sanjivani Medical Store. Reply for a quick quote! More: https://share.google/aBy3gHFiA7v4CMu4g"
Royal Studio,919428922951,"Namaste Royal Studio! 🙏 We are a Surat IT hardware & CCTV supplier providing video-editing workstations & fast storage, with quick on-site service & AMC. Great fit for Royal Studio. Reply for a quick quote! More: https://share.google/aBy3gHFiA7v4CMu4g"
Travelomoon,919067443377,"Namaste Travelomoon! 🙏 We are a Surat IT hardware & CCTV supplier providing office PCs, data backup & CCTV, with quick on-site service & AMC. Great fit for Travelomoon. Reply for a quick quote! More: https://share.google/aBy3gHFiA7v4CMu4g"
Krishna Packging,917053136184,"Namaste Krishna Packging! 🙏 We are a Surat IT hardware & CCTV supplier providing billing PCs, shop CCTV & networking, with quick on-site service & AMC. Great fit for Krishna Packging. Reply for a quick quote! More: https://share.google/aBy3gHFiA7v4CMu4g"
Rudraksh Graphics,918069728221,"Namaste Rudraksh Graphics! 🙏 We are a Surat IT hardware & CCTV supplier providing billing PCs, CCTV & Wi-Fi, with quick on-site service & AMC. Great fit for Rudraksh Graphics. Reply for a quick quote! More: https://share.google/aBy3gHFiA7v4CMu4g"
Orkid Hospital & IVF Centre,917211178917,"Namaste Orkid Hospital & IVF Centre! 🙏 We are a Surat IT hardware & CCTV supplier providing reception/billing PCs, CCTV & Wi-Fi, with quick on-site service & AMC. Great fit for Orkid Hospital & IVF Centre. Reply for a quick quote! More: https://share.google/aBy3gHFiA7v4CMu4g"
Krishna Diamonds,919924383347,"Namaste Krishna Diamonds! 🙏 We are a Surat IT hardware & CCTV supplier providing diamond-planning workstations, secure CCTV & networking, with quick on-site service & AMC. Great fit for Krishna Diamonds. Reply for a quick quote! More: https://share.google/aBy3gHFiA7v4CMu4g"
Baby Jivan Medical Stores,919825379187,"Namaste Baby Jivan Medical Stores! 🙏 We are a Surat IT hardware & CCTV supplier providing billing/POS PCs, CCTV & networking, with quick on-site service & AMC. Great fit for Baby Jivan Medical Stores. Reply for a quick quote! More: https://share.google/aBy3gHFiA7v4CMu4g"
Studio 17,918866830839,"Namaste Studio 17! 🙏 We are a Surat IT hardware & CCTV supplier providing fast CAD/3D workstations & storage, with quick on-site service & AMC. Great fit for Studio 17. Reply for a quick quote! More: https://share.google/aBy3gHFiA7v4CMu4g"
Munjani Motors (Royal Enfield),919619390511,"Namaste Munjani Motors! 🙏 We are a Surat IT hardware & CCTV supplier providing showroom CCTV, billing PCs & networking, with quick on-site service & AMC. Great fit for Munjani Motors. Reply for a quick quote! More: https://share.google/aBy3gHFiA7v4CMu4g"
Navjivan Honda (Two Wheeler),917359501000,"Namaste Navjivan Honda! 🙏 We are a Surat IT hardware & CCTV supplier providing showroom CCTV, billing PCs & networking, with quick on-site service & AMC. Great fit for Navjivan Honda. Reply for a quick quote! More: https://share.google/aBy3gHFiA7v4CMu4g"
Shiv Krishna Diamond,918147455258,"Namaste Shiv Krishna Diamond! 🙏 We are a Surat IT hardware & CCTV supplier providing billing/design PCs, CCTV & networking, with quick on-site service & AMC. Great fit for Shiv Krishna Diamond. Reply for a quick quote! More: https://share.google/aBy3gHFiA7v4CMu4g"
Shreeji Jewellers,919825342244,"Namaste Shreeji Jewellers! 🙏 We are a Surat IT hardware & CCTV supplier providing billing/design PCs, CCTV & networking, with quick on-site service & AMC. Great fit for Shreeji Jewellers. Reply for a quick quote! More: https://share.google/aBy3gHFiA7v4CMu4g"
Soham Industrial Diamonds,919427113859,"Namaste Soham Industrial Diamonds! 🙏 We are a Surat IT hardware & CCTV supplier providing billing/design PCs, CCTV & networking, with quick on-site service & AMC. Great fit for Soham Industrial Diamonds. Reply for a quick quote! More: https://share.google/aBy3gHFiA7v4CMu4g"
"Simba Institute, Surat",918200533835,"Namaste Simba Institute, Surat! 🙏 We are a Surat IT hardware & CCTV supplier providing computer labs, campus Wi-Fi & CCTV, with quick on-site service & AMC. Great fit for Simba Institute, Surat. Reply for a quick quote! More: https://share.google/aBy3gHFiA7v4CMu4g"
Dr Lal PathLabs (Bhatar Road),918071371254,"Namaste Dr Lal PathLabs! 🙏 We are a Surat IT hardware & CCTV supplier providing billing/reception PCs, CCTV & networking, with quick on-site service & AMC. Great fit for Dr Lal PathLabs. Reply for a quick quote! More: https://share.google/aBy3gHFiA7v4CMu4g"
Shivam Furniture and Furnishing,919879239935,"Namaste Shivam Furniture and Furnishing! 🙏 We are a Surat IT hardware & CCTV supplier providing billing/POS PCs, CCTV & networking, with quick on-site service & AMC. Great fit for Shivam Furniture and Furnishing. Reply for a quick quote! More: https://share.google/aBy3gHFiA7v4CMu4g"
Surat Sports,919227447923,"Namaste Surat Sports! 🙏 We are a Surat IT hardware & CCTV supplier providing billing/POS PCs, CCTV & networking, with quick on-site service & AMC. Great fit for Surat Sports. Reply for a quick quote! More: https://share.google/aBy3gHFiA7v4CMu4g"
Empty Mind Entertainment,917942560620,"Namaste Empty Mind Entertainment! 🙏 We are a Surat IT hardware & CCTV supplier providing video-editing workstations & fast storage, with quick on-site service & AMC. Great fit for Empty Mind Entertainment. Reply for a quick quote! More: https://share.google/aBy3gHFiA7v4CMu4g"
Ajay Modi Travels,919879099946,"Namaste Ajay Modi Travels! 🙏 We are a Surat IT hardware & CCTV supplier providing office PCs, data backup & CCTV, with quick on-site service & AMC. Great fit for Ajay Modi Travels. Reply for a quick quote! More: https://share.google/aBy3gHFiA7v4CMu4g"
Elite Overseas Education Consultant,919081663334,"Namaste Elite Overseas Education Consultant! 🙏 We are a Surat IT hardware & CCTV supplier providing office PCs, data backup & CCTV, with quick on-site service & AMC. Great fit for Elite Overseas Education Consultant. Reply for a quick quote! More: https://share.google/aBy3gHFiA7v4CMu4g"
Bliss IVF Fertility & Andrology Institute,919904722213,"Namaste Bliss IVF Fertility & Andrology Institute! 🙏 We are a Surat IT hardware & CCTV supplier providing reception/billing PCs, CCTV & Wi-Fi, with quick on-site service & AMC. Great fit for Bliss IVF Fertility & Andrology Institute. Reply for a quick quote! More: https://share.google/aBy3gHFiA7v4CMu4g"
Patho Plus Diagnostic Laboratory,916351256871,"Namaste Patho Plus Diagnostic Laboratory! 🙏 We are a Surat IT hardware & CCTV supplier providing reception/billing PCs, CCTV & Wi-Fi, with quick on-site service & AMC. Great fit for Patho Plus Diagnostic Laboratory. Reply for a quick quote! More: https://share.google/aBy3gHFiA7v4CMu4g"
Stockarea,919873144145,"Namaste Stockarea! 🙏 We are a Surat IT hardware & CCTV supplier providing bulk PCs, networking & CCTV, with quick on-site service & AMC. Great fit for Stockarea. Reply for a quick quote! More: https://share.google/aBy3gHFiA7v4CMu4g"
SK Diam,918045802722,"Namaste SK Diam! 🙏 We are a Surat IT hardware & CCTV supplier providing diamond-planning workstations, secure CCTV & networking, with quick on-site service & AMC. Great fit for SK Diam. Reply for a quick quote! More: https://share.google/aBy3gHFiA7v4CMu4g"
Krishna Medical And Pet Shop,919898599118,"Namaste Krishna Medical And Pet Shop! 🙏 We are a Surat IT hardware & CCTV supplier providing billing/POS PCs, CCTV & networking, with quick on-site service & AMC. Great fit for Krishna Medical And Pet Shop. Reply for a quick quote! More: https://share.google/aBy3gHFiA7v4CMu4g"
Mahavir Farsan and Provision,918866230752,"Namaste Mahavir Farsan and Provision! 🙏 We are a Surat IT hardware & CCTV supplier providing billing/POS PCs, CCTV & networking, with quick on-site service & AMC. Great fit for Mahavir Farsan and Provision. Reply for a quick quote! More: https://share.google/aBy3gHFiA7v4CMu4g"
Mangaldeep Hardware and Paint,919825951881,"Namaste Mangaldeep Hardware and Paint! 🙏 We are a Surat IT hardware & CCTV supplier providing billing/POS PCs, CCTV & networking, with quick on-site service & AMC. Great fit for Mangaldeep Hardware and Paint. Reply for a quick quote! More: https://share.google/aBy3gHFiA7v4CMu4g"
Radhe Furniture,919925524484,"Namaste Radhe Furniture! 🙏 We are a Surat IT hardware & CCTV supplier providing billing/POS PCs, CCTV & networking, with quick on-site service & AMC. Great fit for Radhe Furniture. Reply for a quick quote! More: https://share.google/aBy3gHFiA7v4CMu4g"
Pruthvi Estate Consultant,919898010968,"Namaste Pruthvi Estate Consultant! 🙏 We are a Surat IT hardware & CCTV supplier providing office PCs, data backup & CCTV, with quick on-site service & AMC. Great fit for Pruthvi Estate Consultant. Reply for a quick quote! More: https://share.google/aBy3gHFiA7v4CMu4g"
SWEC Visa Consultant (Surat),918000968420,"Namaste SWEC Visa Consultant! 🙏 We are a Surat IT hardware & CCTV supplier providing office PCs, data backup & CCTV, with quick on-site service & AMC. Great fit for SWEC Visa Consultant. Reply for a quick quote! More: https://share.google/aBy3gHFiA7v4CMu4g"
The Brick Tales,919426101122,"Namaste The Brick Tales! 🙏 We are a Surat IT hardware & CCTV supplier providing fast CAD/3D workstations & storage, with quick on-site service & AMC. Great fit for The Brick Tales. Reply for a quick quote! More: https://share.google/aBy3gHFiA7v4CMu4g"
The Interior Workshop,919879453181,"Namaste The Interior Workshop! 🙏 We are a Surat IT hardware & CCTV supplier providing fast CAD/3D workstations & storage, with quick on-site service & AMC. Great fit for The Interior Workshop. Reply for a quick quote! More: https://share.google/aBy3gHFiA7v4CMu4g"
Ganga Honda (Two Wheeler),919974016174,"Namaste Ganga Honda! 🙏 We are a Surat IT hardware & CCTV supplier providing showroom CCTV, billing PCs & networking, with quick on-site service & AMC. Great fit for Ganga Honda. Reply for a quick quote! More: https://share.google/aBy3gHFiA7v4CMu4g"
Gujrat Motors (Bajaj),919825167667,"Namaste Gujrat Motors! 🙏 We are a Surat IT hardware & CCTV supplier providing showroom CCTV, billing PCs & networking, with quick on-site service & AMC. Great fit for Gujrat Motors. Reply for a quick quote! More: https://share.google/aBy3gHFiA7v4CMu4g"
Jsn Motors (Royal Enfield),919619409640,"Namaste Jsn Motors! 🙏 We are a Surat IT hardware & CCTV supplier providing showroom CCTV, billing PCs & networking, with quick on-site service & AMC. Great fit for Jsn Motors. Reply for a quick quote! More: https://share.google/aBy3gHFiA7v4CMu4g"
Kisan Tractor Traders (Mahindra Tractors),919825305556,"Namaste Kisan Tractor Traders! 🙏 We are a Surat IT hardware & CCTV supplier providing showroom CCTV, billing PCs & networking, with quick on-site service & AMC. Great fit for Kisan Tractor Traders. Reply for a quick quote! More: https://share.google/aBy3gHFiA7v4CMu4g"
Purav Automobiles (Royal Enfield),919619147489,"Namaste Purav Automobiles! 🙏 We are a Surat IT hardware & CCTV supplier providing showroom CCTV, billing PCs & networking, with quick on-site service & AMC. Great fit for Purav Automobiles. Reply for a quick quote! More: https://share.google/aBy3gHFiA7v4CMu4g"
Bhanderi (BLGD Corporation),918500385003,"Namaste Bhanderi! 🙏 We are a Surat IT hardware & CCTV supplier providing diamond-planning workstations, high-security CCTV & networking, with quick on-site service & AMC. Great fit for Bhanderi. Reply for a quick quote! More: https://share.google/aBy3gHFiA7v4CMu4g"
RRP Diamonds (R R P Diamond),919016106290,"Namaste RRP Diamonds! 🙏 We are a Surat IT hardware & CCTV supplier providing diamond-planning workstations, high-security CCTV & networking, with quick on-site service & AMC. Great fit for RRP Diamonds. Reply for a quick quote! More: https://share.google/aBy3gHFiA7v4CMu4g"
V. Jayantilal & Co.,919638135135,"Namaste V. Jayantilal & Co.! 🙏 We are a Surat IT hardware & CCTV supplier providing diamond-planning workstations, high-security CCTV & networking, with quick on-site service & AMC. Great fit for V. Jayantilal & Co.. Reply for a quick quote! More: https://share.google/aBy3gHFiA7v4CMu4g"
Maulshree Jewellery,918866487117,"Namaste Maulshree Jewellery! 🙏 We are a Surat IT hardware & CCTV supplier providing billing/design PCs, CCTV & networking, with quick on-site service & AMC. Great fit for Maulshree Jewellery. Reply for a quick quote! More: https://share.google/aBy3gHFiA7v4CMu4g"
Royal Jewellers,919825432029,"Namaste Royal Jewellers! 🙏 We are a Surat IT hardware & CCTV supplier providing billing/design PCs, CCTV & networking, with quick on-site service & AMC. Great fit for Royal Jewellers. Reply for a quick quote! More: https://share.google/aBy3gHFiA7v4CMu4g"
Sai Dresses,919099763957,"Namaste Sai Dresses! 🙏 We are a Surat IT hardware & CCTV supplier providing billing/design PCs, CCTV & networking, with quick on-site service & AMC. Great fit for Sai Dresses. Reply for a quick quote! More: https://share.google/aBy3gHFiA7v4CMu4g"
Sculptoris Innovation,918043813037,"Namaste Sculptoris Innovation! 🙏 We are a Surat IT hardware & CCTV supplier providing billing/design PCs, CCTV & networking, with quick on-site service & AMC. Great fit for Sculptoris Innovation. Reply for a quick quote! More: https://share.google/aBy3gHFiA7v4CMu4g"
Wholetex (Whole Tex),919137381212,"Namaste Wholetex! 🙏 We are a Surat IT hardware & CCTV supplier providing billing/design PCs, CCTV & networking, with quick on-site service & AMC. Great fit for Wholetex. Reply for a quick quote! More: https://share.google/aBy3gHFiA7v4CMu4g"
Globela Pharma Pvt Ltd,917861851969,"Namaste Globela Pharma! 🙏 We are a Surat IT hardware & CCTV supplier providing ERP servers, plant CCTV & networking, with quick on-site service & AMC. Great fit for Globela Pharma. Reply for a quick quote! More: https://share.google/aBy3gHFiA7v4CMu4g"
Vision Infotech,918401652525,"Namaste Vision Infotech! 🙏 We are a Surat IT hardware & CCTV supplier providing developer workstations, servers & networking, with quick on-site service & AMC. Great fit for Vision Infotech. Reply for a quick quote! More: https://share.google/aBy3gHFiA7v4CMu4g"
Amar Medical Store,919925181951,"Namaste Amar Medical Store! 🙏 We are a Surat IT hardware & CCTV supplier providing billing/POS PCs, CCTV & networking, with quick on-site service & AMC. Great fit for Amar Medical Store. Reply for a quick quote! More: https://share.google/aBy3gHFiA7v4CMu4g"
Dipak Kirana Store,919909615014,"Namaste Dipak Kirana Store! 🙏 We are a Surat IT hardware & CCTV supplier providing billing/POS PCs, CCTV & networking, with quick on-site service & AMC. Great fit for Dipak Kirana Store. Reply for a quick quote! More: https://share.google/aBy3gHFiA7v4CMu4g"
J J Opticals,919825127171,"Namaste J J Opticals! 🙏 We are a Surat IT hardware & CCTV supplier providing billing/POS PCs, CCTV & networking, with quick on-site service & AMC. Great fit for J J Opticals. Reply for a quick quote! More: https://share.google/aBy3gHFiA7v4CMu4g"
Miracle Ladies Corner,919377725549,"Namaste Miracle Ladies Corner! 🙏 We are a Surat IT hardware & CCTV supplier providing billing/POS PCs, CCTV & networking, with quick on-site service & AMC. Great fit for Miracle Ladies Corner. Reply for a quick quote! More: https://share.google/aBy3gHFiA7v4CMu4g"
Modern The Craft Shop,919825425860,"Namaste Modern The Craft Shop! 🙏 We are a Surat IT hardware & CCTV supplier providing billing/POS PCs, CCTV & networking, with quick on-site service & AMC. Great fit for Modern The Craft Shop. Reply for a quick quote! More: https://share.google/aBy3gHFiA7v4CMu4g"
Rajal Stationery and Xerox,919727013469,"Namaste Rajal Stationery and Xerox! 🙏 We are a Surat IT hardware & CCTV supplier providing billing/POS PCs, CCTV & networking, with quick on-site service & AMC. Great fit for Rajal Stationery and Xerox. Reply for a quick quote! More: https://share.google/aBy3gHFiA7v4CMu4g"
Sansar Hardware Stores,919825134580,"Namaste Sansar Hardware Stores! 🙏 We are a Surat IT hardware & CCTV supplier providing billing/POS PCs, CCTV & networking, with quick on-site service & AMC. Great fit for Sansar Hardware Stores. Reply for a quick quote! More: https://share.google/aBy3gHFiA7v4CMu4g"
Sarita Sagar Sports,919374143945,"Namaste Sarita Sagar Sports! 🙏 We are a Surat IT hardware & CCTV supplier providing billing/POS PCs, CCTV & networking, with quick on-site service & AMC. Great fit for Sarita Sagar Sports. Reply for a quick quote! More: https://share.google/aBy3gHFiA7v4CMu4g"
CK Studio,918700258773,"Namaste CK Studio! 🙏 We are a Surat IT hardware & CCTV supplier providing video-editing workstations & fast storage, with quick on-site service & AMC. Great fit for CK Studio. Reply for a quick quote! More: https://share.google/aBy3gHFiA7v4CMu4g"
QMedia Production,919723639636,"Namaste QMedia Production! 🙏 We are a Surat IT hardware & CCTV supplier providing video-editing workstations & fast storage, with quick on-site service & AMC. Great fit for QMedia Production. Reply for a quick quote! More: https://share.google/aBy3gHFiA7v4CMu4g"
Snapito Studio,919925376601,"Namaste Snapito Studio! 🙏 We are a Surat IT hardware & CCTV supplier providing video-editing workstations & fast storage, with quick on-site service & AMC. Great fit for Snapito Studio. Reply for a quick quote! More: https://share.google/aBy3gHFiA7v4CMu4g"
iVIPANAN,916355008989,"Namaste iVIPANAN! 🙏 We are a Surat IT hardware & CCTV supplier providing office PCs, data backup & CCTV, with quick on-site service & AMC. Great fit for iVIPANAN. Reply for a quick quote! More: https://share.google/aBy3gHFiA7v4CMu4g"
Stark Visas (Surat),918233058233,"Namaste Stark Visas! 🙏 We are a Surat IT hardware & CCTV supplier providing office PCs, data backup & CCTV, with quick on-site service & AMC. Great fit for Stark Visas. Reply for a quick quote! More: https://share.google/aBy3gHFiA7v4CMu4g"
Bharat Masala Products,919265470310,"Namaste Bharat Masala Products! 🙏 We are a Surat IT hardware & CCTV supplier providing billing PCs, shop CCTV & networking, with quick on-site service & AMC. Great fit for Bharat Masala Products. Reply for a quick quote! More: https://share.google/aBy3gHFiA7v4CMu4g"
PANKU PLASTIC POLYMERS,918047825275,"Namaste PANKU PLASTIC POLYMERS! 🙏 We are a Surat IT hardware & CCTV supplier providing billing PCs, shop CCTV & networking, with quick on-site service & AMC. Great fit for PANKU PLASTIC POLYMERS. Reply for a quick quote! More: https://share.google/aBy3gHFiA7v4CMu4g"
Keshav Madhav Fashion,918047633966,"Namaste Keshav Madhav Fashion! 🙏 We are a Surat IT hardware & CCTV supplier providing billing PCs, CCTV & Wi-Fi, with quick on-site service & AMC. Great fit for Keshav Madhav Fashion. Reply for a quick quote! More: https://share.google/aBy3gHFiA7v4CMu4g"
Dermafollix Hair Transplant & Skin Clinic,919601687529,"Namaste Dermafollix Hair Transplant & Skin Clinic! 🙏 We are a Surat IT hardware & CCTV supplier providing reception/billing PCs, CCTV & Wi-Fi, with quick on-site service & AMC. Great fit for Dermafollix Hair Transplant & Skin Clinic. Reply for a quick quote! More: https://share.google/aBy3gHFiA7v4CMu4g"
Jan Suvidha Laboratory,919510059690,"Namaste Jan Suvidha Laboratory! 🙏 We are a Surat IT hardware & CCTV supplier providing reception/billing PCs, CCTV & Wi-Fi, with quick on-site service & AMC. Great fit for Jan Suvidha Laboratory. Reply for a quick quote! More: https://share.google/aBy3gHFiA7v4CMu4g"
Mahak Logistic,919173558998,"Namaste Mahak Logistic! 🙏 We are a Surat IT hardware & CCTV supplier providing bulk PCs, networking & CCTV, with quick on-site service & AMC. Great fit for Mahak Logistic. Reply for a quick quote! More: https://share.google/aBy3gHFiA7v4CMu4g"
Atologist Infotech,919909166110,"Namaste Atologist Infotech! 🙏 We are a Surat IT hardware & CCTV supplier providing developer workstations, servers & networking, with quick on-site service & AMC. Great fit for Atologist Infotech. Reply for a quick quote! More: https://share.google/aBy3gHFiA7v4CMu4g"
LogicGo Infotech LLP,919638987317,"Namaste LogicGo Infotech! 🙏 We are a Surat IT hardware & CCTV supplier providing developer workstations, servers & networking, with quick on-site service & AMC. Great fit for LogicGo Infotech. Reply for a quick quote! More: https://share.google/aBy3gHFiA7v4CMu4g"
A To Z Hardware Stores,919374500866,"Namaste A To Z Hardware Stores! 🙏 We are a Surat IT hardware & CCTV supplier providing billing/POS PCs, CCTV & networking, with quick on-site service & AMC. Great fit for A To Z Hardware Stores. Reply for a quick quote! More: https://share.google/aBy3gHFiA7v4CMu4g"
Amar Stationery and Gift Articles,919925709595,"Namaste Amar Stationery and Gift Articles! 🙏 We are a Surat IT hardware & CCTV supplier providing billing/POS PCs, CCTV & networking, with quick on-site service & AMC. Great fit for Amar Stationery and Gift Articles. Reply for a quick quote! More: https://share.google/aBy3gHFiA7v4CMu4g"
Chandrika Dresses / Chandrika Garments,919227193714,"Namaste Chandrika Dresses / Chandrika Garments! 🙏 We are a Surat IT hardware & CCTV supplier providing billing/POS PCs, CCTV & networking, with quick on-site service & AMC. Great fit for Chandrika Dresses / Chandrika Garments. Reply for a quick quote! More: https://share.google/aBy3gHFiA7v4CMu4g"
Kanaiya Readymades,919824184352,"Namaste Kanaiya Readymades! 🙏 We are a Surat IT hardware & CCTV supplier providing billing/POS PCs, CCTV & networking, with quick on-site service & AMC. Great fit for Kanaiya Readymades. Reply for a quick quote! More: https://share.google/aBy3gHFiA7v4CMu4g"
Om Plywood and Hardware,919724397043,"Namaste Om Plywood and Hardware! 🙏 We are a Surat IT hardware & CCTV supplier providing billing/POS PCs, CCTV & networking, with quick on-site service & AMC. Great fit for Om Plywood and Hardware. Reply for a quick quote! More: https://share.google/aBy3gHFiA7v4CMu4g"
Shree Ridhi Sidhi Hardware And Electricals,919898376936,"Namaste Shree Ridhi Sidhi Hardware And Electricals! 🙏 We are a Surat IT hardware & CCTV supplier providing billing/POS PCs, CCTV & networking, with quick on-site service & AMC. Great fit for Shree Ridhi Sidhi Hardware And Electricals. Reply for a quick quote! More: https://share.google/aBy3gHFiA7v4CMu4g"
Tavakkal Hardware & Electricals,919426875334,"Namaste Tavakkal Hardware & Electricals! 🙏 We are a Surat IT hardware & CCTV supplier providing billing/POS PCs, CCTV & networking, with quick on-site service & AMC. Great fit for Tavakkal Hardware & Electricals. Reply for a quick quote! More: https://share.google/aBy3gHFiA7v4CMu4g"
Uncle Shop,919327391514,"Namaste Uncle Shop! 🙏 We are a Surat IT hardware & CCTV supplier providing billing/POS PCs, CCTV & networking, with quick on-site service & AMC. Great fit for Uncle Shop. Reply for a quick quote! More: https://share.google/aBy3gHFiA7v4CMu4g"
Taj Studio,919558194459,"Namaste Taj Studio! 🙏 We are a Surat IT hardware & CCTV supplier providing video-editing workstations & fast storage, with quick on-site service & AMC. Great fit for Taj Studio. Reply for a quick quote! More: https://share.google/aBy3gHFiA7v4CMu4g"
City Light Skin & Cosmetic Clinic,919376438238,"Namaste City Light Skin & Cosmetic Clinic! 🙏 We are a Surat IT hardware & CCTV supplier providing reception/billing PCs, CCTV & Wi-Fi, with quick on-site service & AMC. Great fit for City Light Skin & Cosmetic Clinic. Reply for a quick quote! More: https://share.google/aBy3gHFiA7v4CMu4g"
Patel Motors (TVS),918153828788,"Namaste Patel Motors! 🙏 We are a Surat IT hardware & CCTV supplier providing showroom CCTV, billing PCs & networking, with quick on-site service & AMC. Great fit for Patel Motors. Reply for a quick quote! More: https://share.google/aBy3gHFiA7v4CMu4g"
Vinod Honda (Two Wheeler),917387875048,"Namaste Vinod Honda! 🙏 We are a Surat IT hardware & CCTV supplier providing showroom CCTV, billing PCs & networking, with quick on-site service & AMC. Great fit for Vinod Honda. Reply for a quick quote! More: https://share.google/aBy3gHFiA7v4CMu4g"
Zealay Automotive (Royal Enfield),919619870419,"Namaste Zealay Automotive! 🙏 We are a Surat IT hardware & CCTV supplier providing showroom CCTV, billing PCs & networking, with quick on-site service & AMC. Great fit for Zealay Automotive. Reply for a quick quote! More: https://share.google/aBy3gHFiA7v4CMu4g"
Kesariya Textile,919081995544,"Namaste Kesariya Textile! 🙏 We are a Surat IT hardware & CCTV supplier providing billing/design PCs, CCTV & networking, with quick on-site service & AMC. Great fit for Kesariya Textile. Reply for a quick quote! More: https://share.google/aBy3gHFiA7v4CMu4g"
Nakrani Gold,918128826500,"Namaste Nakrani Gold! 🙏 We are a Surat IT hardware & CCTV supplier providing billing/design PCs, CCTV & networking, with quick on-site service & AMC. Great fit for Nakrani Gold. Reply for a quick quote! More: https://share.google/aBy3gHFiA7v4CMu4g"
Sareeka Sarees,917567833344,"Namaste Sareeka Sarees! 🙏 We are a Surat IT hardware & CCTV supplier providing billing/design PCs, CCTV & networking, with quick on-site service & AMC. Great fit for Sareeka Sarees. Reply for a quick quote! More: https://share.google/aBy3gHFiA7v4CMu4g"
Punjabi Roots - Cloud Kitchen,917818921212,"Namaste Punjabi Roots! 🙏 We are a Surat IT hardware & CCTV supplier providing POS billing, CCTV & Wi-Fi, with quick on-site service & AMC. Great fit for Punjabi Roots. Reply for a quick quote! More: https://share.google/aBy3gHFiA7v4CMu4g"
Silver Nest Restaurant,919825193286,"Namaste Silver Nest Restaurant! 🙏 We are a Surat IT hardware & CCTV supplier providing POS billing, CCTV & Wi-Fi, with quick on-site service & AMC. Great fit for Silver Nest Restaurant. Reply for a quick quote! More: https://share.google/aBy3gHFiA7v4CMu4g"
Instance IT Solutions Pvt. Ltd.,918200182588,"Namaste Instance IT Solutions! 🙏 We are a Surat IT hardware & CCTV supplier providing developer workstations, servers & networking, with quick on-site service & AMC. Great fit for Instance IT Solutions. Reply for a quick quote! More: https://share.google/aBy3gHFiA7v4CMu4g"
Gehna Shop,919638310354,"Namaste Gehna Shop! 🙏 We are a Surat IT hardware & CCTV supplier providing showroom CCTV, billing PCs & networking, with quick on-site service & AMC. Great fit for Gehna Shop. Reply for a quick quote! More: https://share.google/aBy3gHFiA7v4CMu4g"
Divya Shopee,917359728031,"Namaste Divya Shopee! 🙏 We are a Surat IT hardware & CCTV supplier providing billing/POS PCs, CCTV & networking, with quick on-site service & AMC. Great fit for Divya Shopee. Reply for a quick quote! More: https://share.google/aBy3gHFiA7v4CMu4g"
Gokul Stationery Mart,919904571542,"Namaste Gokul Stationery Mart! 🙏 We are a Surat IT hardware & CCTV supplier providing billing/POS PCs, CCTV & networking, with quick on-site service & AMC. Great fit for Gokul Stationery Mart. Reply for a quick quote! More: https://share.google/aBy3gHFiA7v4CMu4g"
Kanaiya Hardware and Sanitary,919825250917,"Namaste Kanaiya Hardware and Sanitary! 🙏 We are a Surat IT hardware & CCTV supplier providing billing/POS PCs, CCTV & networking, with quick on-site service & AMC. Great fit for Kanaiya Hardware and Sanitary. Reply for a quick quote! More: https://share.google/aBy3gHFiA7v4CMu4g"
Om Hardware and Sales,919825372176,"Namaste Om Hardware and Sales! 🙏 We are a Surat IT hardware & CCTV supplier providing billing/POS PCs, CCTV & networking, with quick on-site service & AMC. Great fit for Om Hardware and Sales. Reply for a quick quote! More: https://share.google/aBy3gHFiA7v4CMu4g"
Shakti Colour & Hardware,919925233986,"Namaste Shakti Colour & Hardware! 🙏 We are a Surat IT hardware & CCTV supplier providing billing/POS PCs, CCTV & networking, with quick on-site service & AMC. Great fit for Shakti Colour & Hardware. Reply for a quick quote! More: https://share.google/aBy3gHFiA7v4CMu4g"
Shubham Paints,919374843906,"Namaste Shubham Paints! 🙏 We are a Surat IT hardware & CCTV supplier providing billing/POS PCs, CCTV & networking, with quick on-site service & AMC. Great fit for Shubham Paints. Reply for a quick quote! More: https://share.google/aBy3gHFiA7v4CMu4g"
Axiom Consulting,919558334174,"Namaste Axiom Consulting! 🙏 We are a Surat IT hardware & CCTV supplier providing office PCs, data backup & CCTV, with quick on-site service & AMC. Great fit for Axiom Consulting. Reply for a quick quote! More: https://share.google/aBy3gHFiA7v4CMu4g"
Mahesh Namkeen Private Limited,918047645067,"Namaste Mahesh Namkeen! 🙏 We are a Surat IT hardware & CCTV supplier providing billing PCs, shop CCTV & networking, with quick on-site service & AMC. Great fit for Mahesh Namkeen. Reply for a quick quote! More: https://share.google/aBy3gHFiA7v4CMu4g"
Shreeji Krupa Plastic,918047635205,"Namaste Shreeji Krupa Plastic! 🙏 We are a Surat IT hardware & CCTV supplier providing billing PCs, shop CCTV & networking, with quick on-site service & AMC. Great fit for Shreeji Krupa Plastic. Reply for a quick quote! More: https://share.google/aBy3gHFiA7v4CMu4g"
Fitness Fiesta Gym,919879008786,"Namaste Fitness Fiesta Gym! 🙏 We are a Surat IT hardware & CCTV supplier providing reception/billing PCs, CCTV & Wi-Fi, with quick on-site service & AMC. Great fit for Fitness Fiesta Gym. Reply for a quick quote! More: https://share.google/aBy3gHFiA7v4CMu4g"
iRoid Solutions,919023868898,"Namaste iRoid Solutions! 🙏 We are a Surat IT hardware & CCTV supplier providing developer workstations, servers & networking, with quick on-site service & AMC. Great fit for iRoid Solutions. Reply for a quick quote! More: https://share.google/aBy3gHFiA7v4CMu4g"
iVIPANAN Digital Marketing,919879456211,"Namaste iVIPANAN Digital Marketing! 🙏 We are a Surat IT hardware & CCTV supplier providing developer workstations, servers & networking, with quick on-site service & AMC. Great fit for iVIPANAN Digital Marketing. Reply for a quick quote! More: https://share.google/aBy3gHFiA7v4CMu4g"
Ambika Stationery,919428635152,"Namaste Ambika Stationery! 🙏 We are a Surat IT hardware & CCTV supplier providing billing/POS PCs, CCTV & networking, with quick on-site service & AMC. Great fit for Ambika Stationery. Reply for a quick quote! More: https://share.google/aBy3gHFiA7v4CMu4g"
Sangeeta Steel and Gift Corner,919426773744,"Namaste Sangeeta Steel and Gift Corner! 🙏 We are a Surat IT hardware & CCTV supplier providing billing/POS PCs, CCTV & networking, with quick on-site service & AMC. Great fit for Sangeeta Steel and Gift Corner. Reply for a quick quote! More: https://share.google/aBy3gHFiA7v4CMu4g"
Shree Jalaram Hardware and General Stores,919825588924,"Namaste Shree Jalaram Hardware and General Stores! 🙏 We are a Surat IT hardware & CCTV supplier providing billing/POS PCs, CCTV & networking, with quick on-site service & AMC. Great fit for Shree Jalaram Hardware and General Stores. Reply for a quick quote! More: https://share.google/aBy3gHFiA7v4CMu4g"
Advocate Vaishali Patil & Associates,919819533351,"Namaste Advocate Vaishali Patil & Associates! 🙏 We are a Surat IT hardware & CCTV supplier providing office PCs, data backup & CCTV, with quick on-site service & AMC. Great fit for Advocate Vaishali Patil & Associates. Reply for a quick quote! More: https://share.google/aBy3gHFiA7v4CMu4g"
Edworld Education Pvt Ltd,917600014403,"Namaste Edworld Education! 🙏 We are a Surat IT hardware & CCTV supplier providing office PCs, data backup & CCTV, with quick on-site service & AMC. Great fit for Edworld Education. Reply for a quick quote! More: https://share.google/aBy3gHFiA7v4CMu4g"
MyDigital Crown,918369511877,"Namaste MyDigital Crown! 🙏 We are a Surat IT hardware & CCTV supplier providing office PCs, data backup & CCTV, with quick on-site service & AMC. Great fit for MyDigital Crown. Reply for a quick quote! More: https://share.google/aBy3gHFiA7v4CMu4g"
Ambika Motors (TVS),917824006952,"Namaste Ambika Motors! 🙏 We are a Surat IT hardware & CCTV supplier providing showroom CCTV, billing PCs & networking, with quick on-site service & AMC. Great fit for Ambika Motors. Reply for a quick quote! More: https://share.google/aBy3gHFiA7v4CMu4g"
Dirgh Diamond Pvt Ltd,919925666966,"Namaste Dirgh Diamond! 🙏 We are a Surat IT hardware & CCTV supplier providing diamond-planning workstations, high-security CCTV & networking, with quick on-site service & AMC. Great fit for Dirgh Diamond. Reply for a quick quote! More: https://share.google/aBy3gHFiA7v4CMu4g"
Akshar Diamond Grooving,919825393035,"Namaste Akshar Diamond Grooving! 🙏 We are a Surat IT hardware & CCTV supplier providing billing/design PCs, CCTV & networking, with quick on-site service & AMC. Great fit for Akshar Diamond Grooving. Reply for a quick quote! More: https://share.google/aBy3gHFiA7v4CMu4g"
The Jacquard Design Studio,919737547288,"Namaste The Jacquard Design Studio! 🙏 We are a Surat IT hardware & CCTV supplier providing billing/design PCs, CCTV & networking, with quick on-site service & AMC. Great fit for The Jacquard Design Studio. Reply for a quick quote! More: https://share.google/aBy3gHFiA7v4CMu4g"
Navkar Tiffin & Catering Services,918460262557,"Namaste Navkar Tiffin & Catering Services! 🙏 We are a Surat IT hardware & CCTV supplier providing POS billing, CCTV & Wi-Fi, with quick on-site service & AMC. Great fit for Navkar Tiffin & Catering Services. Reply for a quick quote! More: https://share.google/aBy3gHFiA7v4CMu4g"
Surti Khaman & Farsan Mart,919825352555,"Namaste Surti Khaman & Farsan Mart! 🙏 We are a Surat IT hardware & CCTV supplier providing POS billing, CCTV & Wi-Fi, with quick on-site service & AMC. Great fit for Surti Khaman & Farsan Mart. Reply for a quick quote! More: https://share.google/aBy3gHFiA7v4CMu4g"
Sassy Infotech Pvt. Ltd.,918780638433,"Namaste Sassy Infotech! 🙏 We are a Surat IT hardware & CCTV supplier providing developer workstations, servers & networking, with quick on-site service & AMC. Great fit for Sassy Infotech. Reply for a quick quote! More: https://share.google/aBy3gHFiA7v4CMu4g"
Harshil Second Hand Toys,918469888767,"Namaste Harshil Second Hand Toys! 🙏 We are a Surat IT hardware & CCTV supplier providing billing/POS PCs, CCTV & networking, with quick on-site service & AMC. Great fit for Harshil Second Hand Toys. Reply for a quick quote! More: https://share.google/aBy3gHFiA7v4CMu4g"
Naik Brothers,919879405526,"Namaste Naik Brothers! 🙏 We are a Surat IT hardware & CCTV supplier providing billing/POS PCs, CCTV & networking, with quick on-site service & AMC. Great fit for Naik Brothers. Reply for a quick quote! More: https://share.google/aBy3gHFiA7v4CMu4g"
Sanjay Store,919879069222,"Namaste Sanjay Store! 🙏 We are a Surat IT hardware & CCTV supplier providing billing/POS PCs, CCTV & networking, with quick on-site service & AMC. Great fit for Sanjay Store. Reply for a quick quote! More: https://share.google/aBy3gHFiA7v4CMu4g"
4S Design Hub,919157622202,"Namaste 4S Design Hub! 🙏 We are a Surat IT hardware & CCTV supplier providing office PCs, data backup & CCTV, with quick on-site service & AMC. Great fit for 4S Design Hub. Reply for a quick quote! More: https://share.google/aBy3gHFiA7v4CMu4g"
Mark Studio,918320063804,"Namaste Mark Studio! 🙏 We are a Surat IT hardware & CCTV supplier providing office PCs, data backup & CCTV, with quick on-site service & AMC. Great fit for Mark Studio. Reply for a quick quote! More: https://share.google/aBy3gHFiA7v4CMu4g"
RG International,917575866622,"Namaste RG International! 🙏 We are a Surat IT hardware & CCTV supplier providing office PCs, data backup & CCTV, with quick on-site service & AMC. Great fit for RG International. Reply for a quick quote! More: https://share.google/aBy3gHFiA7v4CMu4g"
Soni Events,919081180052,"Namaste Soni Events! 🙏 We are a Surat IT hardware & CCTV supplier providing office PCs, data backup & CCTV, with quick on-site service & AMC. Great fit for Soni Events. Reply for a quick quote! More: https://share.google/aBy3gHFiA7v4CMu4g"
Techeasify,919313961011,"Namaste Techeasify! 🙏 We are a Surat IT hardware & CCTV supplier providing office PCs, data backup & CCTV, with quick on-site service & AMC. Great fit for Techeasify. Reply for a quick quote! More: https://share.google/aBy3gHFiA7v4CMu4g"
Underscore Media,919510273527,"Namaste Underscore Media! 🙏 We are a Surat IT hardware & CCTV supplier providing office PCs, data backup & CCTV, with quick on-site service & AMC. Great fit for Underscore Media. Reply for a quick quote! More: https://share.google/aBy3gHFiA7v4CMu4g"
Yaksh Polypack,918047809153,"Namaste Yaksh Polypack! 🙏 We are a Surat IT hardware & CCTV supplier providing billing PCs, shop CCTV & networking, with quick on-site service & AMC. Great fit for Yaksh Polypack. Reply for a quick quote! More: https://share.google/aBy3gHFiA7v4CMu4g"
Central Pathology Laboratory,919137641360,"Namaste Central Pathology Laboratory! 🙏 We are a Surat IT hardware & CCTV supplier providing reception/billing PCs, CCTV & Wi-Fi, with quick on-site service & AMC. Great fit for Central Pathology Laboratory. Reply for a quick quote! More: https://share.google/aBy3gHFiA7v4CMu4g"
Pooja Dent Care,919725752458,"Namaste Pooja Dent Care! 🙏 We are a Surat IT hardware & CCTV supplier providing reception/billing PCs, CCTV & Wi-Fi, with quick on-site service & AMC. Great fit for Pooja Dent Care. Reply for a quick quote! More: https://share.google/aBy3gHFiA7v4CMu4g"
Surat Pathology Laboratory,919328661125,"Namaste Surat Pathology Laboratory! 🙏 We are a Surat IT hardware & CCTV supplier providing reception/billing PCs, CCTV & Wi-Fi, with quick on-site service & AMC. Great fit for Surat Pathology Laboratory. Reply for a quick quote! More: https://share.google/aBy3gHFiA7v4CMu4g"
Social 101,918879563616,"Namaste Social 101! 🙏 We are a Surat IT hardware & CCTV supplier providing developer workstations, servers & networking, with quick on-site service & AMC. Great fit for Social 101. Reply for a quick quote! More: https://share.google/aBy3gHFiA7v4CMu4g"
Nayani Brothers,917102211021,"Namaste Nayani Brothers! 🙏 We are a Surat IT hardware & CCTV supplier providing diamond-planning workstations, secure CCTV & networking, with quick on-site service & AMC. Great fit for Nayani Brothers. Reply for a quick quote! More: https://share.google/aBy3gHFiA7v4CMu4g"
Ideaslab,919033086917,"Namaste Ideaslab! 🙏 We are a Surat IT hardware & CCTV supplier providing office PCs, data backup & CCTV, with quick on-site service & AMC. Great fit for Ideaslab. Reply for a quick quote! More: https://share.google/aBy3gHFiA7v4CMu4g"
Monkey Ads & Studios,919825242242,"Namaste Monkey Ads & Studios! 🙏 We are a Surat IT hardware & CCTV supplier providing office PCs, data backup & CCTV, with quick on-site service & AMC. Great fit for Monkey Ads & Studios. Reply for a quick quote! More: https://share.google/aBy3gHFiA7v4CMu4g"
Dwarkesh Design Studio,917201005200,"Namaste Dwarkesh Design Studio! 🙏 We are a Surat IT hardware & CCTV supplier providing billing/design PCs, CCTV & networking, with quick on-site service & AMC. Great fit for Dwarkesh Design Studio. Reply for a quick quote! More: https://share.google/aBy3gHFiA7v4CMu4g"
Krishna Diamond (Katargam),919924383347,"Namaste Krishna Diamond! 🙏 We are a Surat IT hardware & CCTV supplier providing billing/design PCs, CCTV & networking, with quick on-site service & AMC. Great fit for Krishna Diamond. Reply for a quick quote! More: https://share.google/aBy3gHFiA7v4CMu4g"
Riddhi Siddhi Fashion,918048267021,"Namaste Riddhi Siddhi Fashion! 🙏 We are a Surat IT hardware & CCTV supplier providing billing/design PCs, CCTV & networking, with quick on-site service & AMC. Great fit for Riddhi Siddhi Fashion. Reply for a quick quote! More: https://share.google/aBy3gHFiA7v4CMu4g"
Tea Post (Pal franchisee outlet),919913011146,"Namaste Tea Post! 🙏 We are a Surat IT hardware & CCTV supplier providing POS billing, CCTV & Wi-Fi, with quick on-site service & AMC. Great fit for Tea Post. Reply for a quick quote! More: https://share.google/aBy3gHFiA7v4CMu4g"
Kyros Solution,919512608708,"Namaste Kyros Solution! 🙏 We are a Surat IT hardware & CCTV supplier providing developer workstations, servers & networking, with quick on-site service & AMC. Great fit for Kyros Solution. Reply for a quick quote! More: https://share.google/aBy3gHFiA7v4CMu4g"
Flyerdigi,919104799049,"Namaste Flyerdigi! 🙏 We are a Surat IT hardware & CCTV supplier providing office PCs, data backup & CCTV, with quick on-site service & AMC. Great fit for Flyerdigi. Reply for a quick quote! More: https://share.google/aBy3gHFiA7v4CMu4g"
Jairam Plastic Industries,918047835295,"Namaste Jairam Plastic Industries! 🙏 We are a Surat IT hardware & CCTV supplier providing billing PCs, shop CCTV & networking, with quick on-site service & AMC. Great fit for Jairam Plastic Industries. Reply for a quick quote! More: https://share.google/aBy3gHFiA7v4CMu4g"
M. Hussain Textile,918047763175,"Namaste M. Hussain Textile! 🙏 We are a Surat IT hardware & CCTV supplier providing billing PCs, shop CCTV & networking, with quick on-site service & AMC. Great fit for M. Hussain Textile. Reply for a quick quote! More: https://share.google/aBy3gHFiA7v4CMu4g"
R.Barot And Company,918047646625,"Namaste R.Barot And Company! 🙏 We are a Surat IT hardware & CCTV supplier providing billing PCs, shop CCTV & networking, with quick on-site service & AMC. Great fit for R.Barot And Company. Reply for a quick quote! More: https://share.google/aBy3gHFiA7v4CMu4g"
Rapid Print Pack,918047629352,"Namaste Rapid Print Pack! 🙏 We are a Surat IT hardware & CCTV supplier providing billing PCs, shop CCTV & networking, with quick on-site service & AMC. Great fit for Rapid Print Pack. Reply for a quick quote! More: https://share.google/aBy3gHFiA7v4CMu4g"
Swamy Packaging,918047523179,"Namaste Swamy Packaging! 🙏 We are a Surat IT hardware & CCTV supplier providing billing PCs, shop CCTV & networking, with quick on-site service & AMC. Great fit for Swamy Packaging. Reply for a quick quote! More: https://share.google/aBy3gHFiA7v4CMu4g"
Fitmantra Diet & Weight Loss Clinic,917069130102,"Namaste Fitmantra Diet & Weight Loss Clinic! 🙏 We are a Surat IT hardware & CCTV supplier providing reception/billing PCs, CCTV & Wi-Fi, with quick on-site service & AMC. Great fit for Fitmantra Diet & Weight Loss Clinic. Reply for a quick quote! More: https://share.google/aBy3gHFiA7v4CMu4g"
Shreeji Eye Hospital,917383561543,"Namaste Shreeji Eye Hospital! 🙏 We are a Surat IT hardware & CCTV supplier providing reception/billing PCs, CCTV & Wi-Fi, with quick on-site service & AMC. Great fit for Shreeji Eye Hospital. Reply for a quick quote! More: https://share.google/aBy3gHFiA7v4CMu4g"
Trevira Physiotherapy Clinic,919712081125,"Namaste Trevira Physiotherapy Clinic! 🙏 We are a Surat IT hardware & CCTV supplier providing reception/billing PCs, CCTV & Wi-Fi, with quick on-site service & AMC. Great fit for Trevira Physiotherapy Clinic. Reply for a quick quote! More: https://share.google/aBy3gHFiA7v4CMu4g"
Physio360,918866842520,"Namaste Physio360! 🙏 We are a Surat IT hardware & CCTV supplier providing reception/billing PCs, CCTV & Wi-Fi, with quick on-site service & AMC. Great fit for Physio360. Reply for a quick quote! More: https://share.google/aBy3gHFiA7v4CMu4g"
Manish R. Negandhi (Structural Expert),919712898001,"Namaste Manish R. Negandhi! 🙏 We are a Surat IT hardware & CCTV supplier providing fast CAD/3D workstations & storage, with quick on-site service & AMC. Great fit for Manish R. Negandhi. Reply for a quick quote! More: https://share.google/aBy3gHFiA7v4CMu4g"
LIC Service Center (Ravindra Patil),917016306447,"Namaste LIC Service Center! 🙏 We are a Surat IT hardware & CCTV supplier providing reliable PCs, data backup & CCTV, with quick on-site service & AMC. Great fit for LIC Service Center. Reply for a quick quote! More: https://share.google/aBy3gHFiA7v4CMu4g"
Mummy Meals - Cloud Kitchen,918320420213,"Namaste Mummy Meals! 🙏 We are a Surat IT hardware & CCTV supplier providing POS billing, CCTV & Wi-Fi, with quick on-site service & AMC. Great fit for Mummy Meals. Reply for a quick quote! More: https://share.google/aBy3gHFiA7v4CMu4g"
Lathiya Solutions,917878535701,"Namaste Lathiya Solutions! 🙏 We are a Surat IT hardware & CCTV supplier providing developer workstations, servers & networking, with quick on-site service & AMC. Great fit for Lathiya Solutions. Reply for a quick quote! More: https://share.google/aBy3gHFiA7v4CMu4g"
Deepak L Shah Advocate,919898251000,"Namaste Deepak L Shah Advocate! 🙏 We are a Surat IT hardware & CCTV supplier providing office PCs, data backup & CCTV, with quick on-site service & AMC. Great fit for Deepak L Shah Advocate. Reply for a quick quote! More: https://share.google/aBy3gHFiA7v4CMu4g"
Accurate Cutting Services,918047305270,"Namaste Accurate Cutting Services! 🙏 We are a Surat IT hardware & CCTV supplier providing billing PCs, shop CCTV & networking, with quick on-site service & AMC. Great fit for Accurate Cutting Services. Reply for a quick quote! More: https://share.google/aBy3gHFiA7v4CMu4g"
B P Design Solution,918047527078,"Namaste B P Design Solution! 🙏 We are a Surat IT hardware & CCTV supplier providing billing PCs, shop CCTV & networking, with quick on-site service & AMC. Great fit for B P Design Solution. Reply for a quick quote! More: https://share.google/aBy3gHFiA7v4CMu4g"
Dilip Enterprises,918047790759,"Namaste Dilip Enterprises! 🙏 We are a Surat IT hardware & CCTV supplier providing billing PCs, shop CCTV & networking, with quick on-site service & AMC. Great fit for Dilip Enterprises. Reply for a quick quote! More: https://share.google/aBy3gHFiA7v4CMu4g"
Maharsh Metal Heat Treatment,918047639973,"Namaste Maharsh Metal Heat Treatment! 🙏 We are a Surat IT hardware & CCTV supplier providing billing PCs, shop CCTV & networking, with quick on-site service & AMC. Great fit for Maharsh Metal Heat Treatment. Reply for a quick quote! More: https://share.google/aBy3gHFiA7v4CMu4g"
Reliable Packaging,918047303962,"Namaste Reliable Packaging! 🙏 We are a Surat IT hardware & CCTV supplier providing billing PCs, shop CCTV & networking, with quick on-site service & AMC. Great fit for Reliable Packaging. Reply for a quick quote! More: https://share.google/aBy3gHFiA7v4CMu4g"
Tejesvi Enterprises,918047685045,"Namaste Tejesvi Enterprises! 🙏 We are a Surat IT hardware & CCTV supplier providing billing PCs, shop CCTV & networking, with quick on-site service & AMC. Great fit for Tejesvi Enterprises. Reply for a quick quote! More: https://share.google/aBy3gHFiA7v4CMu4g"
Unique Bopp Co.,918047680546,"Namaste Unique Bopp Co.! 🙏 We are a Surat IT hardware & CCTV supplier providing billing PCs, shop CCTV & networking, with quick on-site service & AMC. Great fit for Unique Bopp Co.. Reply for a quick quote! More: https://share.google/aBy3gHFiA7v4CMu4g"
Viraj Packers,918047835591,"Namaste Viraj Packers! 🙏 We are a Surat IT hardware & CCTV supplier providing billing PCs, shop CCTV & networking, with quick on-site service & AMC. Great fit for Viraj Packers. Reply for a quick quote! More: https://share.google/aBy3gHFiA7v4CMu4g"
Reshape Slimming Wellness & Diet Center,917284825055,"Namaste Reshape Slimming Wellness & Diet Center! 🙏 We are a Surat IT hardware & CCTV supplier providing reception/billing PCs, CCTV & Wi-Fi, with quick on-site service & AMC. Great fit for Reshape Slimming Wellness & Diet Center. Reply for a quick quote! More: https://share.google/aBy3gHFiA7v4CMu4g"
Aarti Tex,918045737190,"Namaste Aarti Tex! 🙏 We are a Surat IT hardware & CCTV supplier providing billing/design PCs, CCTV & networking, with quick on-site service & AMC. Great fit for Aarti Tex. Reply for a quick quote! More: https://share.google/aBy3gHFiA7v4CMu4g"
Bhavy Enterprise,917942784167,"Namaste Bhavy Enterprise! 🙏 We are a Surat IT hardware & CCTV supplier providing billing/design PCs, CCTV & networking, with quick on-site service & AMC. Great fit for Bhavy Enterprise. Reply for a quick quote! More: https://share.google/aBy3gHFiA7v4CMu4g"
Prince Creation,918048951800,"Namaste Prince Creation! 🙏 We are a Surat IT hardware & CCTV supplier providing billing/design PCs, CCTV & networking, with quick on-site service & AMC. Great fit for Prince Creation. Reply for a quick quote! More: https://share.google/aBy3gHFiA7v4CMu4g"
Radha Rani Fashion,918047310811,"Namaste Radha Rani Fashion! 🙏 We are a Surat IT hardware & CCTV supplier providing billing/design PCs, CCTV & networking, with quick on-site service & AMC. Great fit for Radha Rani Fashion. Reply for a quick quote! More: https://share.google/aBy3gHFiA7v4CMu4g"
DigiRivera,919429636561,"Namaste DigiRivera! 🙏 We are a Surat IT hardware & CCTV supplier providing developer workstations, servers & networking, with quick on-site service & AMC. Great fit for DigiRivera. Reply for a quick quote! More: https://share.google/aBy3gHFiA7v4CMu4g"
Advocate Amit Shah,919898003490,"Namaste Advocate Amit Shah! 🙏 We are a Surat IT hardware & CCTV supplier providing office PCs, data backup & CCTV, with quick on-site service & AMC. Great fit for Advocate Amit Shah. Reply for a quick quote! More: https://share.google/aBy3gHFiA7v4CMu4g"
Trip Planner Holidays,919898455151,"Namaste Trip Planner Holidays! 🙏 We are a Surat IT hardware & CCTV supplier providing office PCs, data backup & CCTV, with quick on-site service & AMC. Great fit for Trip Planner Holidays. Reply for a quick quote! More: https://share.google/aBy3gHFiA7v4CMu4g"
Baroda Packaging,918047650971,"Namaste Baroda Packaging! 🙏 We are a Surat IT hardware & CCTV supplier providing billing PCs, shop CCTV & networking, with quick on-site service & AMC. Great fit for Baroda Packaging. Reply for a quick quote! More: https://share.google/aBy3gHFiA7v4CMu4g"
Aura Interior Studio,918141424574,"Namaste Aura Interior Studio! 🙏 We are a Surat IT hardware & CCTV supplier providing fast CAD/3D workstations & storage, with quick on-site service & AMC. Great fit for Aura Interior Studio. Reply for a quick quote! More: https://share.google/aBy3gHFiA7v4CMu4g"
INK inc,919825134039,"Namaste INK inc! 🙏 We are a Surat IT hardware & CCTV supplier providing fast CAD/3D workstations & storage, with quick on-site service & AMC. Great fit for INK inc. Reply for a quick quote! More: https://share.google/aBy3gHFiA7v4CMu4g"
Happy Events,919714779996,"Namaste Happy Events! 🙏 We are a Surat IT hardware & CCTV supplier providing office PCs, data backup & CCTV, with quick on-site service & AMC. Great fit for Happy Events. Reply for a quick quote! More: https://share.google/aBy3gHFiA7v4CMu4g"
Shiv Enterprises,918047630689,"Namaste Shiv Enterprises! 🙏 We are a Surat IT hardware & CCTV supplier providing billing PCs, shop CCTV & networking, with quick on-site service & AMC. Great fit for Shiv Enterprises. Reply for a quick quote! More: https://share.google/aBy3gHFiA7v4CMu4g"
Umesh A Patil Advocate,919925458897,"Namaste Umesh A Patil Advocate! 🙏 We are a Surat IT hardware & CCTV supplier providing office PCs, data backup & CCTV, with quick on-site service & AMC. Great fit for Umesh A Patil Advocate. Reply for a quick quote! More: https://share.google/aBy3gHFiA7v4CMu4g"
Black Beauty Spa,919662268377,"Namaste Black Beauty Spa! 🙏 We are a Surat IT hardware & CCTV supplier providing reception/billing PCs, CCTV & Wi-Fi, with quick on-site service & AMC. Great fit for Black Beauty Spa. Reply for a quick quote! More: https://share.google/aBy3gHFiA7v4CMu4g"
Square Studio Designs,919998803717,"Namaste Square Studio Designs! 🙏 We are a Surat IT hardware & CCTV supplier providing fast CAD/3D workstations & storage, with quick on-site service & AMC. Great fit for Square Studio Designs. Reply for a quick quote! More: https://share.google/aBy3gHFiA7v4CMu4g"
R P Plastic Industries,918140888110,"Namaste R P Plastic Industries! 🙏 We are a Surat IT hardware & CCTV supplier providing ERP servers, plant CCTV & networking, with quick on-site service & AMC. Great fit for R P Plastic Industries. Reply for a quick quote! More: https://share.google/aBy3gHFiA7v4CMu4g"
Capital Real Estate & Land Broker,917490856903,"Namaste Capital Real Estate & Land Broker! 🙏 We are a Surat IT hardware & CCTV supplier providing office PCs, data backup & CCTV, with quick on-site service & AMC. Great fit for Capital Real Estate & Land Broker. Reply for a quick quote! More: https://share.google/aBy3gHFiA7v4CMu4g"
Ravindra Patil LIC Agent,917016306447,"Namaste Ravindra Patil LIC Agent! 🙏 We are a Surat IT hardware & CCTV supplier providing office PCs, data backup & CCTV, with quick on-site service & AMC. Great fit for Ravindra Patil LIC Agent. Reply for a quick quote! More: https://share.google/aBy3gHFiA7v4CMu4g"
Creative Eventwala,919727698505,"Namaste Creative Eventwala! 🙏 We are a Surat IT hardware & CCTV supplier providing office PCs, data backup & CCTV, with quick on-site service & AMC. Great fit for Creative Eventwala. Reply for a quick quote! More: https://share.google/aBy3gHFiA7v4CMu4g"
Surat LIC Agent (Gopipura),918401138597,"Namaste Surat LIC Agent! 🙏 We are a Surat IT hardware & CCTV supplier providing office PCs, data backup & CCTV, with quick on-site service & AMC. Great fit for Surat LIC Agent. Reply for a quick quote! More: https://share.google/aBy3gHFiA7v4CMu4g"
Surat Real Estate Broker (JD listing),919925449744,"Namaste Surat Real Estate Broker! 🙏 We are a Surat IT hardware & CCTV supplier providing office PCs, data backup & CCTV, with quick on-site service & AMC. Great fit for Surat Real Estate Broker. Reply for a quick quote! More: https://share.google/aBy3gHFiA7v4CMu4g"
